type,text
dare,Act out a fantasy for 1 minute with no explanation.
dare,Use your mouth to undress me — just one piece.
dare,Use your mouth to undress me — just one piece.
truth,What part of my body do you secretly love but haven’t told me?
dare,Let me tie your hands and tease you for 2 minutes.
dare,Use your mouth to undress me — just one piece.
dare,"Spank or be spanked — 5 times, your choice."
dare,Act out a fantasy for 1 minute with no explanation.
truth,What’s the most turned-on you’ve ever been because of me?
truth,What's the wildest thing you've ever fantasized about doing with me?
dare,Send me a text you'd only send if you were drunk and horny.
dare,Pick any object nearby and describe how you'd use it on me.
truth,What's the wildest thing you've ever fantasized about doing with me?
dare,"Spank or be spanked — 5 times, your choice."
dare,Send me a text you'd only send if you were drunk and horny.
truth,"If I gave you a pass for one night of no limits, what would you want to do?"
truth,Would you rather be dominant or submissive with me for 24 hours?
truth,What part of my body do you secretly love but haven’t told me?
truth,What’s your secret naughty thought during our cuddles?
dare,Let me tie your hands and tease you for 2 minutes.
truth,Have you ever watched something just to get turned on before seeing me?
truth,Have you ever watched something just to get turned on before seeing me?
truth,Have you ever dreamed of us doing something risky in public?
dare,Pick any object nearby and describe how you'd use it on me.
dare,Send me a text you'd only send if you were drunk and horny.
dare,Send me a text you'd only send if you were drunk and horny.
truth,Have you ever watched something just to get turned on before seeing me?
truth,Have you ever dreamed of us doing something risky in public?
dare,Act like my servant and obey 3 commands in a row.
truth,What’s your secret naughty thought during our cuddles?
dare,"Spank or be spanked — 5 times, your choice."
dare,Act out a fantasy for 1 minute with no explanation.
truth,What’s the most turned-on you’ve ever been because of me?
dare,"Spank or be spanked — 5 times, your choice."
dare,Send me a text you'd only send if you were drunk and horny.
dare,Act like my servant and obey 3 commands in a row.
truth,What’s your secret naughty thought during our cuddles?
truth,Have you ever watched something just to get turned on before seeing me?
dare,Let me tie your hands and tease you for 2 minutes.
dare,Act out a fantasy for 1 minute with no explanation.
truth,What’s the most turned-on you’ve ever been because of me?
truth,What part of my body do you secretly love but haven’t told me?
truth,Have you ever dreamed of us doing something risky in public?
truth,What part of my body do you secretly love but haven’t told me?
dare,Send me a text you'd only send if you were drunk and horny.
truth,What’s your secret naughty thought during our cuddles?
dare,Act like my servant and obey 3 commands in a row.
truth,What's the wildest thing you've ever fantasized about doing with me?
truth,What's the wildest thing you've ever fantasized about doing with me?
dare,Kiss me somewhere new and linger for 10 seconds.
truth,What’s one thing you’ve wanted me to do but were too shy to ask?
dare,Whisper something filthy in my ear without laughing.
truth,Have you ever watched something just to get turned on before seeing me?
truth,Have you ever watched something just to get turned on before seeing me?
dare,Whisper something filthy in my ear without laughing.
dare,Act like my servant and obey 3 commands in a row.
dare,Act out a fantasy for 1 minute with no explanation.
dare,Let me tie your hands and tease you for 2 minutes.
truth,What’s one thing you’ve wanted me to do but were too shy to ask?
truth,Have you ever thought about me while touching yourself?
truth,Have you ever watched something just to get turned on before seeing me?
truth,What’s one thing you’ve wanted me to do but were too shy to ask?
dare,Act like my servant and obey 3 commands in a row.
dare,"Send me a dirty voice note right now, no redo."
dare,"Spank or be spanked — 5 times, your choice."
dare,Kiss me somewhere new and linger for 10 seconds.
truth,What’s one thing you’ve wanted me to do but were too shy to ask?
dare,Kiss me somewhere new and linger for 10 seconds.
truth,Would you rather be dominant or submissive with me for 24 hours?
dare,Let me tie your hands and tease you for 2 minutes.
dare,"Spank or be spanked — 5 times, your choice."
truth,What’s one thing you’ve wanted me to do but were too shy to ask?
dare,"Send me a dirty voice note right now, no redo."
truth,What part of my body do you secretly love but haven’t told me?
truth,What’s your secret naughty thought during our cuddles?
truth,Have you ever dreamed of us doing something risky in public?
dare,Kiss me somewhere new and linger for 10 seconds.
truth,Would you rather be dominant or submissive with me for 24 hours?
dare,"Send me a dirty voice note right now, no redo."
truth,What’s your secret naughty thought during our cuddles?
dare,Let me tie your hands and tease you for 2 minutes.
truth,What’s one thing you’ve wanted me to do but were too shy to ask?
truth,"If I gave you a pass for one night of no limits, what would you want to do?"
truth,What's the wildest thing you've ever fantasized about doing with me?
dare,Send me a text you'd only send if you were drunk and horny.
dare,"Send me a dirty voice note right now, no redo."
truth,What part of my body do you secretly love but haven’t told me?
truth,Would you rather be dominant or submissive with me for 24 hours?
dare,Pick any object nearby and describe how you'd use it on me.
dare,Let me tie your hands and tease you for 2 minutes.
dare,Act like my servant and obey 3 commands in a row.
truth,What’s one thing you’ve wanted me to do but were too shy to ask?
truth,Have you ever watched something just to get turned on before seeing me?
dare,Whisper something filthy in my ear without laughing.
dare,"Spank or be spanked — 5 times, your choice."
truth,What's the wildest thing you've ever fantasized about doing with me?
dare,"Spank or be spanked — 5 times, your choice."
dare,Act like my servant and obey 3 commands in a row.
dare,"Send me a dirty voice note right now, no redo."
dare,Act like my servant and obey 3 commands in a row.
truth,Have you ever watched something just to get turned on before seeing me?
dare,"Spank or be spanked — 5 times, your choice."
dare,Kiss me somewhere new and linger for 10 seconds.
dare,Act like my servant and obey 3 commands in a row.
truth,Have you ever dreamed of us doing something risky in public?
dare,Pick any object nearby and describe how you'd use it on me.
truth,Would you rather be dominant or submissive with me for 24 hours?
truth,What’s the most turned-on you’ve ever been because of me?
dare,"Spank or be spanked — 5 times, your choice."
truth,Have you ever thought about me while touching yourself?
dare,Use your mouth to undress me — just one piece.
dare,"Spank or be spanked — 5 times, your choice."
dare,Whisper something filthy in my ear without laughing.
dare,Kiss me somewhere new and linger for 10 seconds.
truth,Would you rather be dominant or submissive with me for 24 hours?
dare,"Send me a dirty voice note right now, no redo."
truth,What’s the most turned-on you’ve ever been because of me?
truth,Would you rather be dominant or submissive with me for 24 hours?
truth,What’s the most turned-on you’ve ever been because of me?
dare,Let me tie your hands and tease you for 2 minutes.
dare,"Spank or be spanked — 5 times, your choice."
dare,"Spank or be spanked — 5 times, your choice."
truth,Have you ever dreamed of us doing something risky in public?
truth,What part of my body do you secretly love but haven’t told me?
truth,What's the wildest thing you've ever fantasized about doing with me?
truth,Have you ever watched something just to get turned on before seeing me?
dare,Whisper something filthy in my ear without laughing.
truth,What’s the most turned-on you’ve ever been because of me?
truth,Have you ever dreamed of us doing something risky in public?
truth,What’s your secret naughty thought during our cuddles?
dare,Let me tie your hands and tease you for 2 minutes.
truth,Would you rather be dominant or submissive with me for 24 hours?
truth,Have you ever watched something just to get turned on before seeing me?
truth,Have you ever watched something just to get turned on before seeing me?
truth,What's the wildest thing you've ever fantasized about doing with me?
dare,Whisper something filthy in my ear without laughing.
dare,Pick any object nearby and describe how you'd use it on me.
truth,What's the wildest thing you've ever fantasized about doing with me?
dare,Let me tie your hands and tease you for 2 minutes.
truth,Have you ever thought about me while touching yourself?
dare,"Send me a dirty voice note right now, no redo."
dare,Act out a fantasy for 1 minute with no explanation.
dare,Pick any object nearby and describe how you'd use it on me.
truth,What's the wildest thing you've ever fantasized about doing with me?
truth,"If I gave you a pass for one night of no limits, what would you want to do?"
truth,Would you rather be dominant or submissive with me for 24 hours?
truth,What’s the most turned-on you’ve ever been because of me?
truth,Have you ever watched something just to get turned on before seeing me?
truth,Have you ever watched something just to get turned on before seeing me?
dare,Send me a text you'd only send if you were drunk and horny.
dare,"Send me a dirty voice note right now, no redo."
dare,Kiss me somewhere new and linger for 10 seconds.
dare,Send me a text you'd only send if you were drunk and horny.
dare,Send me a text you'd only send if you were drunk and horny.
truth,Would you rather be dominant or submissive with me for 24 hours?
truth,What’s your secret naughty thought during our cuddles?
truth,Have you ever watched something just to get turned on before seeing me?
dare,Let me tie your hands and tease you for 2 minutes.
dare,Send me a text you'd only send if you were drunk and horny.
dare,"Send me a dirty voice note right now, no redo."
truth,"If I gave you a pass for one night of no limits, what would you want to do?"
truth,What part of my body do you secretly love but haven’t told me?
dare,"Spank or be spanked — 5 times, your choice."
dare,"Spank or be spanked — 5 times, your choice."
truth,Have you ever thought about me while touching yourself?
truth,What’s one thing you’ve wanted me to do but were too shy to ask?
truth,Have you ever watched something just to get turned on before seeing me?
dare,Act out a fantasy for 1 minute with no explanation.
dare,Let me tie your hands and tease you for 2 minutes.
truth,What’s the most turned-on you’ve ever been because of me?
truth,What part of my body do you secretly love but haven’t told me?
dare,Use your mouth to undress me — just one piece.
dare,"Spank or be spanked — 5 times, your choice."
dare,Act out a fantasy for 1 minute with no explanation.
dare,Pick any object nearby and describe how you'd use it on me.
truth,"If I gave you a pass for one night of no limits, what would you want to do?"
dare,Kiss me somewhere new and linger for 10 seconds.
truth,What’s your secret naughty thought during our cuddles?
truth,What part of my body do you secretly love but haven’t told me?
dare,Pick any object nearby and describe how you'd use it on me.
dare,Act out a fantasy for 1 minute with no explanation.
truth,Would you rather be dominant or submissive with me for 24 hours?
truth,Have you ever watched something just to get turned on before seeing me?
truth,What’s the most turned-on you’ve ever been because of me?
dare,"Send me a dirty voice note right now, no redo."
truth,Have you ever dreamed of us doing something risky in public?
truth,What's the wildest thing you've ever fantasized about doing with me?
dare,"Send me a dirty voice note right now, no redo."
truth,"If I gave you a pass for one night of no limits, what would you want to do?"
truth,What’s your secret naughty thought during our cuddles?
truth,What’s your secret naughty thought during our cuddles?
dare,Kiss me somewhere new and linger for 10 seconds.
dare,Send me a text you'd only send if you were drunk and horny.
dare,"Send me a dirty voice note right now, no redo."
truth,"If I gave you a pass for one night of no limits, what would you want to do?"
dare,Send me a text you'd only send if you were drunk and horny.
truth,What's the wildest thing you've ever fantasized about doing with me?
truth,What's the wildest thing you've ever fantasized about doing with me?
dare,Pick any object nearby and describe how you'd use it on me.
truth,What part of my body do you secretly love but haven’t told me?
truth,What part of my body do you secretly love but haven’t told me?
truth,What's the wildest thing you've ever fantasized about doing with me?
dare,Use your mouth to undress me — just one piece.
truth,Have you ever watched something just to get turned on before seeing me?
truth,What’s the most turned-on you’ve ever been because of me?
truth,Have you ever watched something just to get turned on before seeing me?
dare,Kiss me somewhere new and linger for 10 seconds.
dare,Let me tie your hands and tease you for 2 minutes.
dare,Kiss me somewhere new and linger for 10 seconds.
dare,Send me a text you'd only send if you were drunk and horny.
dare,Send me a text you'd only send if you were drunk and horny.
truth,What’s the most turned-on you’ve ever been because of me?
dare,Kiss me somewhere new and linger for 10 seconds.
dare,Kiss me somewhere new and linger for 10 seconds.
dare,"Spank or be spanked — 5 times, your choice."
dare,"Send me a dirty voice note right now, no redo."
truth,Have you ever dreamed of us doing something risky in public?
dare,"Spank or be spanked — 5 times, your choice."
truth,Have you ever thought about me while touching yourself?
truth,Have you ever thought about me while touching yourself?
dare,Act out a fantasy for 1 minute with no explanation.
truth,"If I gave you a pass for one night of no limits, what would you want to do?"
dare,"Send me a dirty voice note right now, no redo."
truth,What’s your secret naughty thought during our cuddles?
truth,What’s one thing you’ve wanted me to do but were too shy to ask?
truth,"If I gave you a pass for one night of no limits, what would you want to do?"
dare,Use your mouth to undress me — just one piece.
dare,Act like my servant and obey 3 commands in a row.
dare,Act out a fantasy for 1 minute with no explanation.
truth,Have you ever thought about me while touching yourself?
truth,What’s one thing you’ve wanted me to do but were too shy to ask?
dare,Whisper something filthy in my ear without laughing.
dare,Send me a text you'd only send if you were drunk and horny.
dare,Whisper something filthy in my ear without laughing.
dare,Let me tie your hands and tease you for 2 minutes.
truth,"If I gave you a pass for one night of no limits, what would you want to do?"
truth,What’s one thing you’ve wanted me to do but were too shy to ask?
truth,Have you ever watched something just to get turned on before seeing me?
truth,Would you rather be dominant or submissive with me for 24 hours?
truth,"If I gave you a pass for one night of no limits, what would you want to do?"
dare,Pick any object nearby and describe how you'd use it on me.
dare,Act out a fantasy for 1 minute with no explanation.
truth,Have you ever thought about me while touching yourself?
dare,Send me a text you'd only send if you were drunk and horny.
dare,Whisper something filthy in my ear without laughing.
truth,What’s one thing you’ve wanted me to do but were too shy to ask?
dare,Send me a text you'd only send if you were drunk and horny.
truth,What part of my body do you secretly love but haven’t told me?
truth,"If I gave you a pass for one night of no limits, what would you want to do?"
truth,Would you rather be dominant or submissive with me for 24 hours?
truth,What’s one thing you’ve wanted me to do but were too shy to ask?
dare,"Send me a dirty voice note right now, no redo."
truth,What’s the most turned-on you’ve ever been because of me?
dare,Whisper something filthy in my ear without laughing.
truth,Have you ever thought about me while touching yourself?
truth,What's the wildest thing you've ever fantasized about doing with me?
truth,What’s one thing you’ve wanted me to do but were too shy to ask?
truth,What’s your secret naughty thought during our cuddles?
truth,Have you ever watched something just to get turned on before seeing me?
dare,Act out a fantasy for 1 minute with no explanation.
dare,Pick any object nearby and describe how you'd use it on me.
truth,"If I gave you a pass for one night of no limits, what would you want to do?"
dare,Use your mouth to undress me — just one piece.
dare,Act like my servant and obey 3 commands in a row.
dare,Use your mouth to undress me — just one piece.
truth,Have you ever watched something just to get turned on before seeing me?
dare,Whisper something filthy in my ear without laughing.
truth,"If I gave you a pass for one night of no limits, what would you want to do?"
dare,Act out a fantasy for 1 minute with no explanation.
dare,Pick any object nearby and describe how you'd use it on me.
truth,"If I gave you a pass for one night of no limits, what would you want to do?"
dare,Act like my servant and obey 3 commands in a row.
truth,What’s the most turned-on you’ve ever been because of me?
dare,"Spank or be spanked — 5 times, your choice."
truth,What’s one thing you’ve wanted me to do but were too shy to ask?
truth,What's the wildest thing you've ever fantasized about doing with me?
truth,Have you ever thought about me while touching yourself?
dare,Whisper something filthy in my ear without laughing.
dare,Whisper something filthy in my ear without laughing.
truth,Have you ever thought about me while touching yourself?
dare,"Spank or be spanked — 5 times, your choice."
truth,What’s one thing you’ve wanted me to do but were too shy to ask?
truth,What’s one thing you’ve wanted me to do but were too shy to ask?
truth,Would you rather be dominant or submissive with me for 24 hours?
dare,Use your mouth to undress me — just one piece.
truth,"If I gave you a pass for one night of no limits, what would you want to do?"
truth,"If I gave you a pass for one night of no limits, what would you want to do?"
truth,"If I gave you a pass for one night of no limits, what would you want to do?"
truth,What’s one thing you’ve wanted me to do but were too shy to ask?
dare,Whisper something filthy in my ear without laughing.
dare,"Spank or be spanked — 5 times, your choice."
dare,Pick any object nearby and describe how you'd use it on me.
dare,Pick any object nearby and describe how you'd use it on me.
truth,What part of my body do you secretly love but haven’t told me?
dare,Kiss me somewhere new and linger for 10 seconds.
truth,What part of my body do you secretly love but haven’t told me?
truth,"If I gave you a pass for one night of no limits, what would you want to do?"
truth,What’s one thing you’ve wanted me to do but were too shy to ask?
truth,"If I gave you a pass for one night of no limits, what would you want to do?"
truth,Have you ever watched something just to get turned on before seeing me?
dare,"Send me a dirty voice note right now, no redo."
dare,Kiss me somewhere new and linger for 10 seconds.
dare,Send me a text you'd only send if you were drunk and horny.
dare,Use your mouth to undress me — just one piece.
dare,Whisper something filthy in my ear without laughing.
dare,Send me a text you'd only send if you were drunk and horny.
dare,Let me tie your hands and tease you for 2 minutes.
truth,Have you ever watched something just to get turned on before seeing me?
dare,Whisper something filthy in my ear without laughing.
truth,What’s the most turned-on you’ve ever been because of me?
truth,What’s your secret naughty thought during our cuddles?
truth,What’s one thing you’ve wanted me to do but were too shy to ask?
truth,What part of my body do you secretly love but haven’t told me?
dare,Whisper something filthy in my ear without laughing.
truth,What part of my body do you secretly love but haven’t told me?
truth,"If I gave you a pass for one night of no limits, what would you want to do?"
dare,Act like my servant and obey 3 commands in a row.
truth,Would you rather be dominant or submissive with me for 24 hours?
truth,Have you ever thought about me while touching yourself?
truth,"If I gave you a pass for one night of no limits, what would you want to do?"
truth,What part of my body do you secretly love but haven’t told me?
dare,"Spank or be spanked — 5 times, your choice."
dare,Send me a text you'd only send if you were drunk and horny.
dare,Use your mouth to undress me — just one piece.
truth,"If I gave you a pass for one night of no limits, what would you want to do?"
truth,What's the wildest thing you've ever fantasized about doing with me?
truth,What's the wildest thing you've ever fantasized about doing with me?
truth,What’s the most turned-on you’ve ever been because of me?
truth,Have you ever dreamed of us doing something risky in public?
dare,Use your mouth to undress me — just one piece.
dare,Pick any object nearby and describe how you'd use it on me.
dare,Let me tie your hands and tease you for 2 minutes.
truth,Would you rather be dominant or submissive with me for 24 hours?
dare,Let me tie your hands and tease you for 2 minutes.
truth,What’s your secret naughty thought during our cuddles?
truth,What’s the most turned-on you’ve ever been because of me?
dare,Act like my servant and obey 3 commands in a row.
truth,Would you rather be dominant or submissive with me for 24 hours?
truth,Would you rather be dominant or submissive with me for 24 hours?
dare,Send me a text you'd only send if you were drunk and horny.
dare,Act out a fantasy for 1 minute with no explanation.
truth,Have you ever dreamed of us doing something risky in public?
truth,"If I gave you a pass for one night of no limits, what would you want to do?"
truth,Have you ever dreamed of us doing something risky in public?
dare,Act out a fantasy for 1 minute with no explanation.
dare,Pick any object nearby and describe how you'd use it on me.
dare,Act like my servant and obey 3 commands in a row.
dare,"Send me a dirty voice note right now, no redo."
dare,"Spank or be spanked — 5 times, your choice."
truth,Have you ever dreamed of us doing something risky in public?
truth,What’s the most turned-on you’ve ever been because of me?
truth,Have you ever dreamed of us doing something risky in public?
dare,"Send me a dirty voice note right now, no redo."
dare,Act like my servant and obey 3 commands in a row.
dare,Use your mouth to undress me — just one piece.
dare,Use your mouth to undress me — just one piece.
truth,Have you ever dreamed of us doing something risky in public?
dare,Use your mouth to undress me — just one piece.
dare,Whisper something filthy in my ear without laughing.
truth,What's the wildest thing you've ever fantasized about doing with me?
dare,Act out a fantasy for 1 minute with no explanation.
truth,Have you ever dreamed of us doing something risky in public?
dare,Kiss me somewhere new and linger for 10 seconds.
dare,Whisper something filthy in my ear without laughing.
truth,Have you ever thought about me while touching yourself?
dare,Use your mouth to undress me — just one piece.
dare,Act like my servant and obey 3 commands in a row.
truth,What’s your secret naughty thought during our cuddles?
truth,What part of my body do you secretly love but haven’t told me?
truth,Have you ever watched something just to get turned on before seeing me?
dare,"Send me a dirty voice note right now, no redo."
dare,Act like my servant and obey 3 commands in a row.
truth,Have you ever dreamed of us doing something risky in public?
dare,"Spank or be spanked — 5 times, your choice."
truth,What’s the most turned-on you’ve ever been because of me?
dare,Use your mouth to undress me — just one piece.
truth,Would you rather be dominant or submissive with me for 24 hours?
dare,Whisper something filthy in my ear without laughing.
truth,Would you rather be dominant or submissive with me for 24 hours?
dare,Let me tie your hands and tease you for 2 minutes.
dare,Act out a fantasy for 1 minute with no explanation.
dare,Use your mouth to undress me — just one piece.
dare,Act like my servant and obey 3 commands in a row.
truth,What’s your secret naughty thought during our cuddles?
truth,Have you ever dreamed of us doing something risky in public?
dare,Send me a text you'd only send if you were drunk and horny.
dare,Let me tie your hands and tease you for 2 minutes.
truth,Have you ever dreamed of us doing something risky in public?
dare,Kiss me somewhere new and linger for 10 seconds.
dare,Pick any object nearby and describe how you'd use it on me.
dare,Act like my servant and obey 3 commands in a row.
dare,Let me tie your hands and tease you for 2 minutes.
truth,Have you ever watched something just to get turned on before seeing me?
truth,What’s your secret naughty thought during our cuddles?
truth,What’s your secret naughty thought during our cuddles?
dare,Whisper something filthy in my ear without laughing.
dare,Send me a text you'd only send if you were drunk and horny.
truth,Would you rather be dominant or submissive with me for 24 hours?
dare,Act out a fantasy for 1 minute with no explanation.
truth,What’s your secret naughty thought during our cuddles?